attempt_id,user_id,attempt_order_by_user,score,total_questions,percentage,difficulty,video_count,video_ids,created_at,is_synthetic
734,3,1,26,40,65.0,Easy,1,10,2026-04-02 12:14:09.062035,1
735,3,2,19,30,63.33,Medium,1,1,2026-04-03 17:14:09.062035,1
736,3,3,12,20,60.0,Hard,1,10,2026-04-08 20:14:09.062035,1
737,3,4,19,30,63.33,Hard,1,11,2026-04-16 05:14:09.062035,1
738,3,5,19,25,76.0,Easy,1,1,2026-04-18 15:14:09.062035,1
739,3,6,36,50,72.0,Medium,1,11,2026-04-19 16:14:09.062035,1
740,4,1,11,20,55.0,Hard,1,10,2026-06-30 01:14:09.062147,1
741,4,2,23,40,57.5,Hard,1,11,2026-07-03 06:14:09.062147,1
742,4,3,20,30,66.67,Medium,1,11,2026-07-07 07:14:09.062147,1
743,4,4,29,40,72.5,Easy,1,10,2026-07-11 11:14:09.062147,1
744,4,5,17,25,68.0,Medium,1,1,2026-07-18 17:14:09.062147,1
745,4,6,26,40,65.0,Medium,1,11,2026-07-20 20:14:09.062147,1
746,4,7,36,50,72.0,Easy,1,10,2026-07-23 04:14:09.062147,1
747,4,8,29,40,72.5,Easy,1,10,2026-07-25 06:14:09.062147,1
748,4,9,36,50,72.0,Medium,1,10,2026-07-28 15:14:09.062147,1
749,4,10,29,40,72.5,Hard,1,10,2026-07-29 16:14:09.062147,1
750,5,1,12,20,60.0,Easy,1,11,2026-06-04 04:14:09.062221,1
751,5,2,19,30,63.33,Medium,1,10,2026-06-05 08:14:09.062221,1
752,5,3,14,20,70.0,Easy,1,1,2026-06-10 18:14:09.062221,1
753,5,4,36,50,72.0,Easy,1,10,2026-06-12 19:14:09.062221,1
754,5,5,40,50,80.0,Easy,1,11,2026-06-14 20:14:09.062221,1
755,5,6,30,40,75.0,Medium,1,10,2026-06-15 23:14:09.062221,1
756,5,7,22,30,73.33,Hard,1,1,2026-06-18 03:14:09.062221,1
757,5,8,36,40,90.0,Easy,1,10,2026-06-19 11:14:09.062221,1
758,6,1,14,25,56.0,Medium,1,11,2026-05-12 15:14:09.062278,1
759,6,2,35,50,70.0,Easy,1,10,2026-05-13 17:14:09.062278,1
760,6,3,17,25,68.0,Hard,1,1,2026-05-20 23:14:09.062278,1
761,6,4,16,20,80.0,Easy,1,1,2026-05-26 08:14:09.062278,1
762,6,5,24,30,80.0,Easy,1,11,2026-05-31 13:14:09.062278,1
763,6,6,17,20,85.0,Medium,1,1,2026-06-04 19:14:09.062278,1
764,6,7,27,30,90.0,Medium,1,11,2026-06-07 05:14:09.062278,1
765,6,8,36,40,90.0,Medium,1,11,2026-06-08 07:14:09.062278,1
766,6,9,25,30,83.33,Hard,1,1,2026-06-09 16:14:09.062278,1
767,7,1,18,40,45.0,Medium,1,11,2026-03-12 01:14:09.062344,1
768,7,2,20,40,50.0,Medium,1,11,2026-03-16 04:14:09.062344,1
769,7,3,16,30,53.33,Medium,1,1,2026-03-18 14:14:09.062344,1
770,7,4,24,40,60.0,Medium,1,10,2026-03-19 18:14:09.062344,1
771,7,5,21,30,70.0,Easy,1,11,2026-03-21 23:14:09.062344,1
772,7,6,18,25,72.0,Hard,1,11,2026-03-26 01:14:09.062344,1
773,7,7,17,20,85.0,Easy,1,11,2026-03-27 05:14:09.062344,1
774,7,8,33,40,82.5,Medium,1,10,2026-04-03 14:14:09.062344,1
775,8,1,25,50,50.0,Medium,1,11,2026-05-05 22:14:09.062399,1
776,8,2,28,50,56.0,Medium,1,11,2026-05-08 23:14:09.062399,1
777,8,3,17,30,56.67,Medium,1,10,2026-05-16 03:14:09.062399,1
778,8,4,13,20,65.0,Medium,1,1,2026-05-23 08:14:09.062399,1
779,8,5,35,50,70.0,Easy,1,11,2026-05-28 13:14:09.062399,1
780,8,6,37,50,74.0,Medium,1,1,2026-06-01 16:14:09.062399,1
781,8,7,39,50,78.0,Hard,1,1,2026-06-02 20:14:09.062399,1
782,8,8,17,20,85.0,Medium,1,10,2026-06-04 04:14:09.062399,1
783,8,9,35,40,87.5,Medium,1,10,2026-06-05 14:14:09.062399,1
784,9,1,14,30,46.67,Easy,1,10,2026-06-16 17:14:09.062463,1
785,9,2,15,30,50.0,Medium,1,11,2026-06-18 20:14:09.062463,1
786,9,3,10,20,50.0,Hard,1,11,2026-06-26 03:14:09.062463,1
787,9,4,23,40,57.5,Easy,1,10,2026-07-01 09:14:09.062463,1
788,9,5,24,40,60.0,Easy,1,11,2026-07-04 15:14:09.062463,1
789,9,6,16,25,64.0,Easy,1,10,2026-07-07 17:14:09.062463,1
790,9,7,15,25,60.0,Medium,1,1,2026-07-13 00:14:09.062463,1
791,9,8,20,30,66.67,Medium,1,11,2026-07-16 04:14:09.062463,1
792,10,1,7,20,35.0,Easy,1,1,2026-07-08 04:14:09.062522,1
793,10,2,14,40,35.0,Hard,1,11,2026-07-09 06:14:09.062522,1
794,10,3,14,30,46.67,Medium,1,11,2026-07-10 09:14:09.062522,1
795,10,4,16,30,53.33,Easy,1,11,2026-07-15 14:14:09.062522,1
796,10,5,17,30,56.67,Medium,1,11,2026-07-22 20:14:09.062522,1
797,10,6,25,40,62.5,Easy,1,11,2026-07-25 05:14:09.062522,1
798,10,7,24,40,60.0,Medium,1,11,2026-07-29 11:14:09.062522,1
799,10,8,13,20,65.0,Medium,1,1,2026-07-31 12:14:09.062522,1
800,10,9,21,30,70.0,Medium,1,10,2026-08-03 21:14:09.062522,1
801,11,1,22,40,55.0,Hard,1,10,2026-06-06 21:14:09.062583,1
802,11,2,18,30,60.0,Easy,1,11,2026-06-08 03:14:09.062583,1
803,11,3,12,20,60.0,Hard,1,1,2026-06-09 09:14:09.062583,1
804,11,4,38,50,76.0,Easy,1,10,2026-06-16 19:14:09.062583,1
805,11,5,19,25,76.0,Medium,1,10,2026-06-18 20:14:09.062583,1
806,11,6,24,30,80.0,Medium,1,11,2026-06-20 06:14:09.062583,1
807,11,7,18,20,90.0,Easy,1,1,2026-06-27 15:14:09.062583,1
808,11,8,21,25,84.0,Hard,1,10,2026-06-29 18:14:09.062583,1
809,11,9,28,30,93.33,Easy,1,10,2026-07-02 23:14:09.062583,1
810,11,10,23,25,92.0,Easy,1,10,2026-07-04 07:14:09.062583,1
811,12,1,11,30,36.67,Easy,1,11,2026-06-08 00:14:09.062649,1
812,12,2,15,40,37.5,Medium,1,10,2026-06-09 08:14:09.062649,1
813,12,3,12,30,40.0,Medium,1,1,2026-06-10 15:14:09.062649,1
814,12,4,13,30,43.33,Medium,1,10,2026-06-13 22:14:09.062649,1
815,12,5,20,50,40.0,Hard,1,1,2026-06-19 06:14:09.062649,1
816,12,6,10,25,40.0,Medium,1,10,2026-06-21 12:14:09.062649,1
817,13,1,9,20,45.0,Hard,1,10,2026-04-14 21:14:09.062695,1
818,13,2,21,40,52.5,Medium,1,10,2026-04-18 02:14:09.062695,1
819,13,3,18,30,60.0,Easy,1,11,2026-04-21 05:14:09.062695,1
820,13,4,31,50,62.0,Easy,1,11,2026-04-23 07:14:09.062695,1
821,13,5,26,40,65.0,Medium,1,10,2026-04-25 09:14:09.062695,1
822,13,6,18,25,72.0,Medium,1,1,2026-04-30 16:14:09.062695,1
823,13,7,24,30,80.0,Easy,1,11,2026-05-02 18:14:09.062695,1
824,13,8,37,40,92.5,Easy,1,11,2026-05-06 03:14:09.062695,1
825,14,1,14,30,46.67,Easy,1,11,2026-03-18 22:14:09.062838,1
826,14,2,14,30,46.67,Medium,1,1,2026-03-21 08:14:09.062838,1
827,14,3,12,25,48.0,Hard,1,11,2026-03-22 16:14:09.062838,1
828,14,4,25,40,62.5,Medium,1,1,2026-03-24 02:14:09.062838,1
829,14,5,36,50,72.0,Medium,1,11,2026-03-28 09:14:09.062838,1
830,14,6,23,30,76.67,Medium,1,1,2026-03-31 14:14:09.062838,1
831,15,1,9,25,36.0,Hard,1,10,2026-06-27 23:14:09.062882,1
832,15,2,18,40,45.0,Medium,1,1,2026-07-05 01:14:09.062882,1
833,15,3,11,25,44.0,Easy,1,1,2026-07-06 03:14:09.062882,1
834,15,4,13,30,43.33,Medium,1,11,2026-07-08 13:14:09.062882,1
835,15,5,9,20,45.0,Hard,1,1,2026-07-09 19:14:09.062882,1
836,15,6,14,25,56.0,Medium,1,11,2026-07-11 02:14:09.062882,1
837,15,7,13,25,52.0,Hard,1,10,2026-07-16 09:14:09.062882,1
838,15,8,13,25,52.0,Hard,1,1,2026-07-17 16:14:09.062882,1
839,16,1,15,40,37.5,Easy,1,11,2026-04-20 23:14:09.062936,1
840,16,2,11,25,44.0,Medium,1,1,2026-04-26 09:14:09.062936,1
841,16,3,18,40,45.0,Easy,1,11,2026-04-30 12:14:09.062936,1
842,16,4,12,30,40.0,Hard,1,1,2026-05-03 21:14:09.062936,1
843,16,5,18,40,45.0,Easy,1,10,2026-05-05 22:14:09.062936,1
844,16,6,9,20,45.0,Medium,1,11,2026-05-07 05:14:09.062936,1
845,16,7,27,50,54.0,Easy,1,1,2026-05-08 09:14:09.062936,1
846,16,8,14,25,56.0,Medium,1,1,2026-05-12 10:14:09.062936,1
847,16,9,11,20,55.0,Medium,1,1,2026-05-16 12:14:09.062936,1
848,16,10,21,40,52.5,Medium,1,1,2026-05-18 21:14:09.062936,1
849,17,1,16,30,53.33,Medium,1,1,2026-03-29 03:14:09.063002,1
850,17,2,15,25,60.0,Hard,1,1,2026-03-30 05:14:09.063002,1
851,17,3,17,25,68.0,Medium,1,11,2026-04-01 15:14:09.063002,1
852,17,4,15,25,60.0,Hard,1,10,2026-04-02 20:14:09.063002,1
853,17,5,32,50,64.0,Hard,1,1,2026-04-03 21:14:09.063002,1
854,17,6,24,40,60.0,Hard,1,10,2026-04-11 03:14:09.063002,1
855,17,7,33,50,66.0,Medium,1,11,2026-04-13 08:14:09.063002,1
856,17,8,15,20,75.0,Medium,1,10,2026-04-14 09:14:09.063002,1
857,18,1,17,30,56.67,Medium,1,1,2026-06-07 20:14:09.063062,1
858,18,2,26,50,52.0,Medium,1,1,2026-06-12 22:14:09.063062,1
859,18,3,16,30,53.33,Hard,1,11,2026-06-15 01:14:09.063062,1
860,18,4,18,30,60.0,Hard,1,1,2026-06-16 07:14:09.063062,1
861,18,5,13,20,65.0,Medium,1,1,2026-06-19 13:14:09.063062,1
862,18,6,15,20,75.0,Easy,1,11,2026-06-20 23:14:09.063062,1
863,18,7,16,20,80.0,Easy,1,1,2026-06-23 02:14:09.063062,1
864,19,1,13,30,43.33,Medium,1,11,2026-06-09 21:14:09.063112,1
865,19,2,13,30,43.33,Hard,1,1,2026-06-14 03:14:09.063112,1
866,19,3,13,25,52.0,Medium,1,10,2026-06-16 07:14:09.063112,1
867,19,4,33,50,66.0,Easy,1,1,2026-06-18 17:14:09.063112,1
868,19,5,17,25,68.0,Medium,1,11,2026-06-19 23:14:09.063112,1
869,19,6,18,25,72.0,Medium,1,1,2026-06-25 02:14:09.063112,1
870,20,1,14,25,56.0,Medium,1,11,2026-04-18 15:14:09.063155,1
871,20,2,26,40,65.0,Medium,1,10,2026-04-20 00:14:09.063155,1
872,20,3,25,40,62.5,Medium,1,11,2026-04-22 10:14:09.063155,1
873,20,4,16,25,64.0,Medium,1,11,2026-04-25 12:14:09.063155,1
874,20,5,17,25,68.0,Medium,1,11,2026-04-27 18:14:09.063155,1
875,20,6,23,30,76.67,Easy,1,10,2026-04-29 00:14:09.063155,1
876,20,7,20,25,80.0,Easy,1,10,2026-05-03 06:14:09.063155,1
877,20,8,35,40,87.5,Medium,1,11,2026-05-05 16:14:09.063155,1
878,20,9,24,30,80.0,Hard,1,10,2026-05-07 02:14:09.063155,1
879,21,1,11,25,44.0,Easy,1,1,2026-07-08 13:14:09.063214,1
880,21,2,10,30,33.33,Hard,1,1,2026-07-15 17:14:09.063214,1
881,21,3,24,50,48.0,Medium,1,10,2026-07-17 20:14:09.063214,1
882,21,4,16,30,53.33,Easy,1,10,2026-07-19 03:14:09.063214,1
883,21,5,14,25,56.0,Easy,1,1,2026-07-20 13:14:09.063214,1
884,21,6,16,30,53.33,Medium,1,1,2026-07-21 16:14:09.063214,1
885,21,7,15,30,50.0,Hard,1,11,2026-07-23 00:14:09.063214,1
886,21,8,18,30,60.0,Easy,1,10,2026-07-24 02:14:09.063214,1
887,21,9,17,30,56.67,Hard,1,1,2026-07-27 10:14:09.063214,1
888,22,1,9,20,45.0,Medium,1,11,2026-07-23 17:14:09.063274,1
889,22,2,12,30,40.0,Hard,1,11,2026-07-25 20:14:09.063274,1
890,22,3,14,30,46.67,Easy,1,1,2026-07-28 02:14:09.063274,1
891,22,4,24,50,48.0,Medium,1,10,2026-07-30 09:14:09.063274,1
892,22,5,15,25,60.0,Medium,1,10,2026-08-01 17:14:09.063274,1
893,22,6,19,30,63.33,Easy,1,1,2026-08-03 21:14:09.063274,1
894,22,7,19,30,63.33,Medium,1,1,2026-08-05 01:14:09.063274,1
895,23,1,10,30,33.33,Medium,1,10,2026-07-11 05:14:09.063322,1
896,23,2,21,50,42.0,Easy,1,10,2026-07-13 14:14:09.063322,1
897,23,3,9,25,36.0,Medium,1,1,2026-07-16 18:14:09.063322,1
898,23,4,16,40,40.0,Medium,1,1,2026-07-20 23:14:09.063322,1
899,23,5,18,40,45.0,Medium,1,11,2026-07-22 02:14:09.063322,1
900,23,6,17,40,42.5,Medium,1,1,2026-07-25 06:14:09.063322,1
901,23,7,9,25,36.0,Hard,1,1,2026-07-26 14:14:09.063322,1
902,23,8,16,30,53.33,Easy,1,1,2026-07-30 20:14:09.063322,1
903,23,9,19,40,47.5,Medium,1,11,2026-08-01 22:14:09.063322,1
904,23,10,14,30,46.67,Medium,1,1,2026-08-04 05:14:09.063322,1
905,24,1,13,25,52.0,Easy,1,10,2026-06-03 22:14:09.063389,1
906,24,2,9,20,45.0,Medium,1,10,2026-06-05 23:14:09.063389,1
907,24,3,24,50,48.0,Hard,1,1,2026-06-08 02:14:09.063389,1
908,24,4,17,30,56.67,Medium,1,1,2026-06-11 03:14:09.063389,1
909,24,5,25,40,62.5,Medium,1,10,2026-06-16 06:14:09.063389,1
910,24,6,17,25,68.0,Medium,1,10,2026-06-21 13:14:09.063389,1
911,24,7,31,40,77.5,Medium,1,11,2026-06-22 14:14:09.063389,1
912,25,1,13,30,43.33,Medium,1,10,2026-04-14 21:14:09.063442,1
913,25,2,21,50,42.0,Easy,1,1,2026-04-21 23:14:09.063442,1
914,25,3,16,40,40.0,Hard,1,11,2026-04-24 09:14:09.063442,1
915,25,4,13,30,43.33,Medium,1,1,2026-05-01 14:14:09.063442,1
916,25,5,11,25,44.0,Medium,1,11,2026-05-04 22:14:09.063442,1
917,25,6,10,20,50.0,Medium,1,10,2026-05-12 06:14:09.063442,1
918,25,7,22,40,55.0,Medium,1,11,2026-05-14 09:14:09.063442,1
919,25,8,23,40,57.5,Hard,1,10,2026-05-21 12:14:09.063442,1
920,25,9,13,20,65.0,Medium,1,11,2026-05-26 21:14:09.063442,1
921,26,1,21,40,52.5,Hard,1,10,2026-05-31 22:14:09.063503,1
922,26,2,12,20,60.0,Medium,1,10,2026-06-04 23:14:09.063503,1
923,26,3,15,25,60.0,Hard,1,11,2026-06-06 01:14:09.063503,1
924,26,4,22,30,73.33,Medium,1,1,2026-06-07 10:14:09.063503,1
925,26,5,32,50,64.0,Medium,1,10,2026-06-10 14:14:09.063503,1
926,26,6,13,20,65.0,Medium,1,10,2026-06-12 19:14:09.063503,1
927,26,7,34,50,68.0,Medium,1,11,2026-06-13 20:14:09.063503,1
928,26,8,18,25,72.0,Medium,1,1,2026-06-21 01:14:09.063503,1
929,26,9,35,50,70.0,Medium,1,11,2026-06-26 09:14:09.063503,1
930,27,1,10,25,40.0,Easy,1,11,2026-07-05 21:14:09.063562,1
931,27,2,9,20,45.0,Easy,1,11,2026-07-08 22:14:09.063562,1
932,27,3,19,40,47.5,Easy,1,1,2026-07-13 08:14:09.063562,1
933,27,4,14,40,35.0,Hard,1,10,2026-07-14 16:14:09.063562,1
934,27,5,18,50,36.0,Medium,1,11,2026-07-17 21:14:09.063562,1
935,27,6,11,25,44.0,Easy,1,11,2026-07-21 04:14:09.063562,1
936,27,7,17,40,42.5,Hard,1,11,2026-07-28 10:14:09.063562,1
937,27,8,9,20,45.0,Hard,1,1,2026-07-30 18:14:09.063562,1
938,28,1,9,20,45.0,Easy,1,11,2026-06-01 17:14:09.063617,1
939,28,2,15,40,37.5,Hard,1,11,2026-06-08 22:14:09.063617,1
940,28,3,20,40,50.0,Easy,1,1,2026-06-11 02:14:09.063617,1
941,28,4,23,50,46.0,Medium,1,10,2026-06-12 10:14:09.063617,1
942,28,5,22,50,44.0,Hard,1,10,2026-06-15 14:14:09.063617,1
943,28,6,13,25,52.0,Medium,1,1,2026-06-18 18:14:09.063617,1
944,29,1,10,20,50.0,Easy,1,10,2026-03-22 07:14:09.063659,1
945,29,2,25,50,50.0,Hard,1,10,2026-03-25 09:14:09.063659,1
946,29,3,12,20,60.0,Medium,1,1,2026-03-29 11:14:09.063659,1
947,29,4,17,30,56.67,Easy,1,1,2026-03-30 12:14:09.063659,1
948,29,5,28,50,56.0,Medium,1,11,2026-04-01 14:14:09.063659,1
949,29,6,32,50,64.0,Easy,1,10,2026-04-02 17:14:09.063659,1
950,30,1,8,25,32.0,Medium,1,10,2026-03-25 05:14:09.063701,1
951,30,2,15,40,37.5,Easy,1,10,2026-03-26 07:14:09.063701,1
952,30,3,7,20,35.0,Hard,1,11,2026-04-02 10:14:09.063701,1
953,30,4,20,40,50.0,Easy,1,11,2026-04-04 13:14:09.063701,1
954,30,5,23,50,46.0,Hard,1,10,2026-04-05 16:14:09.063701,1
955,30,6,10,20,50.0,Hard,1,10,2026-04-10 19:14:09.063701,1
956,31,1,8,20,40.0,Medium,1,11,2026-04-29 02:14:09.063744,1
957,31,2,10,25,40.0,Medium,1,11,2026-05-04 04:14:09.063744,1
958,31,3,9,20,45.0,Medium,1,10,2026-05-09 12:14:09.063744,1
959,31,4,10,20,50.0,Medium,1,10,2026-05-12 14:14:09.063744,1
960,31,5,26,50,52.0,Easy,1,11,2026-05-14 16:14:09.063744,1
961,31,6,26,50,52.0,Easy,1,1,2026-05-19 00:14:09.063744,1
962,31,7,16,30,53.33,Hard,1,10,2026-05-21 05:14:09.063744,1
963,32,1,28,50,56.0,Medium,1,10,2026-03-10 00:14:09.063795,1
964,32,2,16,25,64.0,Easy,1,11,2026-03-13 05:14:09.063795,1
965,32,3,15,25,60.0,Medium,1,11,2026-03-18 08:14:09.063795,1
966,32,4,13,20,65.0,Medium,1,11,2026-03-22 13:14:09.063795,1
967,32,5,20,30,66.67,Medium,1,10,2026-03-27 22:14:09.063795,1
968,32,6,29,40,72.5,Easy,1,11,2026-03-30 03:14:09.063795,1
969,32,7,38,50,76.0,Medium,1,1,2026-04-06 11:14:09.063795,1
970,33,1,18,50,36.0,Medium,1,10,2026-05-24 02:14:09.063846,1
971,33,2,12,30,40.0,Medium,1,10,2026-05-28 05:14:09.063846,1
972,33,3,19,40,47.5,Medium,1,10,2026-05-29 06:14:09.063846,1
973,33,4,15,30,50.0,Medium,1,1,2026-05-30 09:14:09.063846,1
974,33,5,13,25,52.0,Easy,1,11,2026-06-01 10:14:09.063846,1
975,33,6,11,25,44.0,Hard,1,11,2026-06-02 13:14:09.063846,1
976,34,1,11,30,36.67,Medium,1,11,2026-05-22 23:14:09.063890,1
977,34,2,8,20,40.0,Easy,1,10,2026-05-28 07:14:09.063890,1
978,34,3,12,30,40.0,Easy,1,10,2026-05-29 14:14:09.063890,1
979,34,4,16,40,40.0,Medium,1,1,2026-06-05 23:14:09.063890,1
980,34,5,11,25,44.0,Medium,1,11,2026-06-08 01:14:09.063890,1
981,34,6,13,30,43.33,Hard,1,1,2026-06-09 04:14:09.063890,1
982,34,7,12,25,48.0,Easy,1,10,2026-06-11 10:14:09.063890,1
983,34,8,14,30,46.67,Medium,1,11,2026-06-13 14:14:09.063890,1
984,34,9,16,30,53.33,Easy,1,1,2026-06-18 21:14:09.063890,1
985,34,10,10,20,50.0,Medium,1,1,2026-06-21 03:14:09.063890,1
986,35,1,24,40,60.0,Medium,1,11,2026-06-30 05:14:09.063955,1
987,35,2,32,50,64.0,Medium,1,10,2026-07-01 14:14:09.063955,1
988,35,3,38,50,76.0,Easy,1,11,2026-07-03 15:14:09.063955,1
989,35,4,35,50,70.0,Easy,1,11,2026-07-04 18:14:09.063955,1
990,35,5,35,50,70.0,Medium,1,10,2026-07-05 19:14:09.063955,1
991,35,6,18,25,72.0,Easy,1,11,2026-07-10 23:14:09.063955,1
992,36,1,10,20,50.0,Hard,1,11,2026-03-18 09:14:09.063998,1
993,36,2,18,30,60.0,Medium,1,11,2026-03-25 18:14:09.063998,1
994,36,3,32,50,64.0,Medium,1,10,2026-03-29 03:14:09.063998,1
995,36,4,17,25,68.0,Medium,1,11,2026-04-01 12:14:09.063998,1
996,36,5,17,25,68.0,Medium,1,11,2026-04-05 17:14:09.063998,1
997,36,6,17,25,68.0,Hard,1,11,2026-04-13 03:14:09.063998,1
998,36,7,20,25,80.0,Easy,1,10,2026-04-14 10:14:09.063998,1
999,37,1,12,20,60.0,Easy,1,1,2026-06-28 14:14:09.064046,1
1000,37,2,28,50,56.0,Medium,1,1,2026-06-29 23:14:09.064046,1
1001,37,3,14,25,56.0,Medium,1,10,2026-07-05 02:14:09.064046,1
1002,37,4,22,40,55.0,Hard,1,1,2026-07-07 06:14:09.064046,1
1003,37,5,19,30,63.33,Medium,1,1,2026-07-14 10:14:09.064046,1
1004,37,6,12,20,60.0,Hard,1,10,2026-07-15 15:14:09.064046,1
1005,37,7,23,30,76.67,Easy,1,11,2026-07-16 22:14:09.064046,1
1006,37,8,39,50,78.0,Medium,1,1,2026-07-19 08:14:09.064046,1
1007,37,9,41,50,82.0,Medium,1,11,2026-07-26 16:14:09.064046,1
1008,38,1,14,30,46.67,Hard,1,10,2026-06-07 04:14:09.064106,1
1009,38,2,10,20,50.0,Medium,1,1,2026-06-09 06:14:09.064106,1
1010,38,3,10,20,50.0,Hard,1,10,2026-06-11 08:14:09.064106,1
1011,38,4,13,20,65.0,Easy,1,1,2026-06-13 10:14:09.064106,1
1012,38,5,17,25,68.0,Easy,1,11,2026-06-16 20:14:09.064106,1
1013,38,6,37,50,74.0,Medium,1,10,2026-06-18 01:14:09.064106,1
1014,38,7,18,25,72.0,Hard,1,10,2026-06-19 08:14:09.064106,1
1015,38,8,31,40,77.5,Easy,1,11,2026-06-23 18:14:09.064106,1
1016,38,9,16,20,80.0,Hard,1,10,2026-06-24 19:14:09.064106,1
1017,39,1,12,30,40.0,Medium,1,1,2026-05-27 19:14:09.064171,1
1018,39,2,15,30,50.0,Easy,1,11,2026-06-04 02:14:09.064171,1
1019,39,3,10,20,50.0,Medium,1,11,2026-06-11 12:14:09.064171,1
1020,39,4,12,25,48.0,Medium,1,11,2026-06-13 22:14:09.064171,1
1021,39,5,15,30,50.0,Medium,1,10,2026-06-15 00:14:09.064171,1
1022,39,6,15,30,50.0,Hard,1,11,2026-06-19 03:14:09.064171,1
1023,40,1,9,20,45.0,Medium,1,10,2026-07-05 17:14:09.064214,1
1024,40,2,14,25,56.0,Medium,1,11,2026-07-08 03:14:09.064214,1
1025,40,3,18,30,60.0,Hard,1,10,2026-07-09 04:14:09.064214,1
1026,40,4,18,25,72.0,Medium,1,10,2026-07-11 07:14:09.064214,1
1027,40,5,40,50,80.0,Medium,1,10,2026-07-13 16:14:09.064214,1
1028,40,6,41,50,82.0,Medium,1,10,2026-07-14 22:14:09.064214,1
1029,40,7,18,20,90.0,Medium,1,10,2026-07-18 01:14:09.064214,1
1030,41,1,27,50,54.0,Medium,1,11,2026-08-01 15:14:09.064262,1
1031,41,2,17,30,56.67,Hard,1,11,2026-08-03 01:14:09.064262,1
1032,41,3,32,50,64.0,Medium,1,1,2026-08-06 04:14:09.064262,1
1033,41,4,27,40,67.5,Medium,1,1,2026-08-09 05:14:09.064262,1
1034,41,5,29,40,72.5,Medium,1,1,2026-08-11 14:14:09.064262,1
1035,41,6,38,50,76.0,Medium,1,10,2026-08-15 17:14:09.064262,1
1036,41,7,31,40,77.5,Medium,1,1,2026-08-17 01:14:09.064262,1
1037,41,8,17,20,85.0,Medium,1,1,2026-08-24 03:14:09.064262,1
1038,42,1,10,20,50.0,Hard,1,1,2026-05-11 20:14:09.064317,1
1039,42,2,17,30,56.67,Medium,1,11,2026-05-16 03:14:09.064317,1
1040,42,3,30,50,60.0,Easy,1,10,2026-05-17 13:14:09.064317,1
1041,42,4,19,30,63.33,Medium,1,1,2026-05-19 14:14:09.064317,1
1042,42,5,34,50,68.0,Easy,1,10,2026-05-20 23:14:09.064317,1
1043,42,6,17,25,68.0,Medium,1,11,2026-05-28 06:14:09.064317,1
1044,42,7,21,30,70.0,Medium,1,10,2026-06-01 11:14:09.064317,1
1045,43,1,21,50,42.0,Medium,1,10,2026-05-26 12:14:09.065514,1
1046,43,2,13,30,43.33,Hard,1,1,2026-05-28 21:14:09.065514,1
1047,43,3,24,50,48.0,Easy,1,10,2026-05-31 03:14:09.065514,1
1048,43,4,15,30,50.0,Medium,1,10,2026-06-03 11:14:09.065514,1
1049,43,5,22,40,55.0,Easy,1,10,2026-06-04 17:14:09.065514,1
1050,43,6,25,50,50.0,Medium,1,11,2026-06-06 22:14:09.065514,1
1051,43,7,25,40,62.5,Medium,1,10,2026-06-14 02:14:09.065514,1
1052,44,1,17,40,42.5,Medium,1,10,2026-05-01 22:14:09.065563,1
1053,44,2,18,40,45.0,Medium,1,1,2026-05-05 00:14:09.065563,1
1054,44,3,20,50,40.0,Hard,1,1,2026-05-08 07:14:09.065563,1
1055,44,4,16,40,40.0,Hard,1,10,2026-05-11 10:14:09.065563,1
1056,44,5,22,50,44.0,Hard,1,1,2026-05-18 11:14:09.065563,1
1057,44,6,13,25,52.0,Easy,1,11,2026-05-20 21:14:09.065563,1
1058,44,7,21,40,52.5,Medium,1,10,2026-05-23 03:14:09.065563,1
1059,44,8,28,50,56.0,Easy,1,11,2026-05-24 04:14:09.065563,1
1060,44,9,27,50,54.0,Medium,1,11,2026-05-28 09:14:09.065563,1
1061,44,10,29,50,58.0,Medium,1,11,2026-06-02 18:14:09.065563,1
1062,45,1,14,25,56.0,Medium,1,10,2026-03-12 16:14:09.065631,1
1063,45,2,18,30,60.0,Medium,1,10,2026-03-14 23:14:09.065631,1
1064,45,3,16,25,64.0,Easy,1,10,2026-03-17 06:14:09.065631,1
1065,45,4,32,50,64.0,Medium,1,11,2026-03-18 11:14:09.065631,1
1066,45,5,13,20,65.0,Medium,1,11,2026-03-20 16:14:09.065631,1
1067,45,6,36,50,72.0,Medium,1,1,2026-03-23 00:14:09.065631,1
1068,45,7,16,20,80.0,Easy,1,1,2026-03-27 09:14:09.065631,1
1069,46,1,10,25,40.0,Medium,1,1,2026-07-05 10:14:09.065680,1
1070,46,2,10,25,40.0,Medium,1,1,2026-07-07 11:14:09.065680,1
1071,46,3,13,30,43.33,Hard,1,1,2026-07-10 18:14:09.065680,1
1072,46,4,15,30,50.0,Hard,1,1,2026-07-14 20:14:09.065680,1
1073,46,5,18,30,60.0,Easy,1,11,2026-07-22 01:14:09.065680,1
1074,46,6,31,50,62.0,Easy,1,11,2026-07-27 07:14:09.065680,1
1075,46,7,13,20,65.0,Easy,1,11,2026-07-28 14:14:09.065680,1
1076,47,1,19,40,47.5,Medium,1,10,2026-03-21 02:14:09.065729,1
1077,47,2,25,50,50.0,Hard,1,1,2026-03-28 04:14:09.065729,1
1078,47,3,11,20,55.0,Medium,1,1,2026-03-29 14:14:09.065729,1
1079,47,4,15,25,60.0,Medium,1,1,2026-03-30 22:14:09.065729,1
1080,47,5,28,50,56.0,Medium,1,1,2026-04-02 02:14:09.065729,1
1081,47,6,23,40,57.5,Medium,1,10,2026-04-07 10:14:09.065729,1
1082,48,1,11,30,36.67,Hard,1,10,2026-06-09 02:14:09.065770,1
1083,48,2,12,25,48.0,Medium,1,11,2026-06-10 11:14:09.065770,1
1084,48,3,26,50,52.0,Easy,1,1,2026-06-11 17:14:09.065770,1
1085,48,4,29,50,58.0,Easy,1,10,2026-06-18 22:14:09.065770,1
1086,48,5,14,25,56.0,Hard,1,11,2026-06-21 05:14:09.065770,1
1087,48,6,18,30,60.0,Hard,1,11,2026-06-25 15:14:09.065770,1
1088,49,1,12,25,48.0,Easy,1,1,2026-04-12 22:14:09.065812,1
1089,49,2,10,20,50.0,Easy,1,10,2026-04-14 01:14:09.065812,1
1090,49,3,15,30,50.0,Medium,1,10,2026-04-21 11:14:09.065812,1
1091,49,4,13,25,52.0,Hard,1,10,2026-04-23 13:14:09.065812,1
1092,49,5,16,25,64.0,Medium,1,10,2026-04-24 17:14:09.065812,1
1093,49,6,16,25,64.0,Medium,1,11,2026-04-29 18:14:09.065812,1
1094,49,7,35,50,70.0,Medium,1,11,2026-05-06 21:14:09.065812,1
1095,49,8,30,40,75.0,Medium,1,11,2026-05-08 03:14:09.065812,1
1096,49,9,19,25,76.0,Easy,1,10,2026-05-09 04:14:09.065812,1
1097,50,1,9,20,45.0,Hard,1,1,2026-03-09 16:14:09.065875,1
1098,50,2,28,50,56.0,Easy,1,1,2026-03-12 21:14:09.065875,1
1099,50,3,24,50,48.0,Hard,1,10,2026-03-20 06:14:09.065875,1
1100,50,4,17,30,56.67,Medium,1,1,2026-03-21 12:14:09.065875,1
1101,50,5,11,20,55.0,Hard,1,11,2026-03-28 22:14:09.065875,1
1102,50,6,32,50,64.0,Medium,1,10,2026-04-05 00:14:09.065875,1
1103,50,7,13,20,65.0,Hard,1,10,2026-04-06 02:14:09.065875,1
1104,50,8,29,40,72.5,Medium,1,1,2026-04-08 11:14:09.065875,1
1105,50,9,36,50,72.0,Medium,1,11,2026-04-15 12:14:09.065875,1
1106,51,1,9,20,45.0,Medium,1,1,2026-06-14 16:14:09.065936,1
1107,51,2,20,40,50.0,Medium,1,1,2026-06-16 02:14:09.065936,1
1108,51,3,13,25,52.0,Hard,1,1,2026-06-21 04:14:09.065936,1
1109,51,4,15,25,60.0,Easy,1,10,2026-06-22 07:14:09.065936,1
1110,51,5,13,20,65.0,Medium,1,11,2026-06-24 10:14:09.065936,1
1111,51,6,14,20,70.0,Medium,1,1,2026-06-25 14:14:09.065936,1
1112,51,7,17,25,68.0,Hard,1,1,2026-06-27 23:14:09.065936,1
1113,51,8,19,25,76.0,Medium,1,11,2026-07-01 07:14:09.065936,1
1114,51,9,16,20,80.0,Easy,1,1,2026-07-08 14:14:09.065936,1
1115,52,1,8,20,40.0,Easy,1,1,2026-03-26 19:14:09.065997,1
1116,52,2,17,40,42.5,Medium,1,11,2026-03-31 23:14:09.065997,1
1117,52,3,8,25,32.0,Hard,1,1,2026-04-05 01:14:09.065997,1
1118,52,4,8,20,40.0,Medium,1,10,2026-04-06 03:14:09.065997,1
1119,52,5,10,25,40.0,Medium,1,11,2026-04-07 07:14:09.065997,1
1120,52,6,18,50,36.0,Hard,1,11,2026-04-14 09:14:09.065997,1
1121,52,7,10,20,50.0,Easy,1,1,2026-04-15 11:14:09.065997,1
1122,52,8,12,20,60.0,Easy,1,1,2026-04-18 18:14:09.065997,1
1123,52,9,12,20,60.0,Medium,1,11,2026-04-20 20:14:09.065997,1
1124,52,10,26,40,65.0,Easy,1,10,2026-04-25 06:14:09.065997,1
1125,53,1,18,30,60.0,Medium,1,11,2026-08-06 21:14:09.066066,1
1126,53,2,20,30,66.67,Easy,1,1,2026-08-08 00:14:09.066066,1
1127,53,3,28,40,70.0,Easy,1,11,2026-08-15 06:14:09.066066,1
1128,53,4,18,25,72.0,Medium,1,11,2026-08-20 08:14:09.066066,1
1129,53,5,21,25,84.0,Medium,1,1,2026-08-25 09:14:09.066066,1
1130,53,6,25,30,83.33,Medium,1,11,2026-09-01 13:14:09.066066,1
1131,53,7,22,25,88.0,Medium,1,1,2026-09-06 20:14:09.066066,1
1132,53,8,18,20,90.0,Medium,1,1,2026-09-11 22:14:09.066066,1
1133,53,9,34,40,85.0,Hard,1,10,2026-09-13 05:14:09.066066,1
1134,54,1,24,50,48.0,Medium,1,1,2026-07-15 18:14:09.066127,1
1135,54,2,12,25,48.0,Medium,1,11,2026-07-16 19:14:09.066127,1
1136,54,3,21,40,52.5,Medium,1,11,2026-07-18 20:14:09.066127,1
1137,54,4,17,30,56.67,Easy,1,10,2026-07-24 02:14:09.066127,1
1138,54,5,26,40,65.0,Easy,1,10,2026-07-26 05:14:09.066127,1
1139,54,6,17,30,56.67,Medium,1,10,2026-07-27 06:14:09.066127,1
1140,54,7,25,40,62.5,Medium,1,1,2026-07-30 09:14:09.066127,1
1141,55,1,7,20,35.0,Medium,1,1,2026-03-25 14:14:09.066178,1
1142,55,2,17,40,42.5,Medium,1,1,2026-04-01 23:14:09.066178,1
1143,55,3,25,50,50.0,Medium,1,10,2026-04-07 03:14:09.066178,1
1144,55,4,28,50,56.0,Easy,1,1,2026-04-11 06:14:09.066178,1
1145,55,5,15,25,60.0,Easy,1,1,2026-04-12 08:14:09.066178,1
1146,55,6,30,50,60.0,Easy,1,10,2026-04-13 13:14:09.066178,1
1147,56,1,20,40,50.0,Medium,1,1,2026-03-17 04:14:09.066220,1
1148,56,2,21,40,52.5,Medium,1,11,2026-03-21 07:14:09.066220,1
1149,56,3,11,20,55.0,Hard,1,11,2026-03-25 12:14:09.066220,1
1150,56,4,16,25,64.0,Medium,1,11,2026-04-01 18:14:09.066220,1
1151,56,5,21,30,70.0,Hard,1,11,2026-04-03 23:14:09.066220,1
1152,56,6,15,20,75.0,Medium,1,11,2026-04-08 00:14:09.066220,1
1153,56,7,20,25,80.0,Medium,1,10,2026-04-13 04:14:09.066220,1
1154,57,1,7,20,35.0,Easy,1,11,2026-07-19 16:14:09.066268,1
1155,57,2,8,25,32.0,Medium,1,11,2026-07-22 00:14:09.066268,1
1156,57,3,13,40,32.5,Hard,1,10,2026-07-29 07:14:09.066268,1
1157,57,4,20,50,40.0,Hard,1,10,2026-08-01 08:14:09.066268,1
1158,57,5,22,50,44.0,Hard,1,10,2026-08-02 14:14:09.066268,1
1159,57,6,10,20,50.0,Medium,1,11,2026-08-06 22:14:09.066268,1
1160,57,7,29,50,58.0,Medium,1,1,2026-08-11 04:14:09.066268,1
1161,58,1,23,40,57.5,Hard,1,1,2026-07-10 15:14:09.066318,1
1162,58,2,32,50,64.0,Easy,1,11,2026-07-12 19:14:09.066318,1
1163,58,3,28,40,70.0,Medium,1,10,2026-07-17 05:14:09.066318,1
1164,58,4,23,30,76.67,Medium,1,11,2026-07-19 10:14:09.066318,1
1165,58,5,25,30,83.33,Medium,1,1,2026-07-22 12:14:09.066318,1
1166,58,6,44,50,88.0,Medium,1,1,2026-07-29 16:14:09.066318,1
1167,58,7,36,40,90.0,Medium,1,10,2026-08-02 19:14:09.066318,1
1168,58,8,34,40,85.0,Medium,1,10,2026-08-05 03:14:09.066318,1
1169,59,1,7,20,35.0,Hard,1,10,2026-05-11 12:14:09.066374,1
1170,59,2,8,20,40.0,Hard,1,1,2026-05-12 14:14:09.066374,1
1171,59,3,21,50,42.0,Easy,1,11,2026-05-14 00:14:09.066374,1
1172,59,4,13,30,43.33,Medium,1,10,2026-05-15 01:14:09.066374,1
1173,59,5,14,30,46.67,Medium,1,1,2026-05-17 08:14:09.066374,1
1174,59,6,10,20,50.0,Medium,1,1,2026-05-21 11:14:09.066374,1
1175,59,7,25,50,50.0,Medium,1,1,2026-05-22 12:14:09.066374,1
1176,60,1,25,50,50.0,Hard,1,1,2026-03-16 20:14:09.066423,1
1177,60,2,31,50,62.0,Medium,1,10,2026-03-21 03:14:09.066423,1
1178,60,3,15,25,60.0,Medium,1,1,2026-03-22 05:14:09.066423,1
1179,60,4,16,25,64.0,Medium,1,1,2026-03-24 08:14:09.066423,1
1180,60,5,17,25,68.0,Easy,1,1,2026-03-26 15:14:09.066423,1
1181,60,6,21,30,70.0,Easy,1,10,2026-03-28 22:14:09.066423,1
1182,61,1,16,40,40.0,Easy,1,10,2026-04-07 23:14:09.066467,1
1183,61,2,10,25,40.0,Medium,1,1,2026-04-15 06:14:09.066467,1
1184,61,3,12,25,48.0,Medium,1,1,2026-04-18 12:14:09.066467,1
1185,61,4,26,50,52.0,Medium,1,10,2026-04-22 20:14:09.066467,1
1186,61,5,22,40,55.0,Easy,1,10,2026-04-26 21:14:09.066467,1
1187,61,6,21,40,52.5,Medium,1,10,2026-04-28 05:14:09.066467,1
1188,61,7,15,25,60.0,Medium,1,1,2026-05-02 08:14:09.066467,1
1189,61,8,27,40,67.5,Easy,1,11,2026-05-03 12:14:09.066467,1
1190,62,1,14,25,56.0,Medium,1,1,2026-06-13 00:14:09.066522,1
1191,62,2,9,20,45.0,Hard,1,1,2026-06-15 09:14:09.066522,1
1192,62,3,24,50,48.0,Hard,1,1,2026-06-16 19:14:09.066522,1
1193,62,4,26,50,52.0,Hard,1,1,2026-06-19 20:14:09.066522,1
1194,62,5,15,25,60.0,Hard,1,11,2026-06-21 05:14:09.066522,1
1195,62,6,16,25,64.0,Medium,1,1,2026-06-26 13:14:09.066522,1
1196,62,7,32,50,64.0,Hard,1,11,2026-06-28 20:14:09.066522,1
1197,62,8,15,20,75.0,Medium,1,11,2026-06-30 23:14:09.066522,1
1198,62,9,20,25,80.0,Medium,1,1,2026-07-02 06:14:09.066522,1
1199,63,1,11,20,55.0,Easy,1,10,2026-06-28 03:14:09.066581,1
1200,63,2,22,40,55.0,Medium,1,11,2026-06-29 09:14:09.066581,1
1201,63,3,34,50,68.0,Easy,1,10,2026-06-30 19:14:09.066581,1
1202,63,4,31,50,62.0,Hard,1,1,2026-07-02 04:14:09.066581,1
1203,63,5,19,30,63.33,Hard,1,10,2026-07-09 06:14:09.066581,1
1204,63,6,22,30,73.33,Easy,1,11,2026-07-11 11:14:09.066581,1
1205,63,7,22,30,73.33,Medium,1,10,2026-07-15 18:14:09.066581,1
1206,64,1,10,30,33.33,Medium,1,1,2026-05-07 20:14:09.066629,1
1207,64,2,8,30,26.67,Hard,1,1,2026-05-10 03:14:09.066629,1
1208,64,3,6,20,30.0,Hard,1,1,2026-05-12 09:14:09.066629,1
1209,64,4,9,25,36.0,Medium,1,1,2026-05-13 10:14:09.066629,1
1210,64,5,17,40,42.5,Easy,1,10,2026-05-20 14:14:09.066629,1
1211,64,6,14,30,46.67,Easy,1,1,2026-05-21 19:14:09.066629,1
1212,64,7,26,50,52.0,Easy,1,1,2026-05-24 04:14:09.066629,1
1213,64,8,10,20,50.0,Medium,1,11,2026-05-28 06:14:09.066629,1
1214,64,9,10,20,50.0,Medium,1,1,2026-06-01 09:14:09.066629,1
1215,65,1,7,25,28.0,Hard,1,1,2026-05-28 16:14:09.066688,1
1216,65,2,8,20,40.0,Medium,1,1,2026-05-29 19:14:09.066688,1
1217,65,3,8,20,40.0,Medium,1,10,2026-06-04 01:14:09.066688,1
1218,65,4,16,40,40.0,Hard,1,10,2026-06-09 07:14:09.066688,1
1219,65,5,20,40,50.0,Medium,1,1,2026-06-10 16:14:09.066688,1
1220,65,6,19,40,47.5,Hard,1,11,2026-06-15 22:14:09.066688,1
1221,66,1,9,25,36.0,Medium,1,10,2026-07-05 03:14:09.066732,1
1222,66,2,9,20,45.0,Easy,1,1,2026-07-12 12:14:09.066732,1
1223,66,3,7,20,35.0,Hard,1,1,2026-07-16 21:14:09.066732,1
1224,66,4,15,30,50.0,Medium,1,10,2026-07-18 04:14:09.066732,1
1225,66,5,25,50,50.0,Medium,1,11,2026-07-25 07:14:09.066732,1
1226,66,6,30,50,60.0,Medium,1,10,2026-07-27 09:14:09.066732,1
1227,66,7,29,50,58.0,Easy,1,1,2026-07-28 13:14:09.066732,1
1228,66,8,30,50,60.0,Medium,1,10,2026-07-29 17:14:09.066732,1
1229,66,9,20,30,66.67,Easy,1,10,2026-08-02 00:14:09.066732,1
1230,67,1,11,25,44.0,Medium,1,11,2026-04-20 04:14:09.066796,1
1231,67,2,22,50,44.0,Medium,1,1,2026-04-27 14:14:09.066796,1
1232,67,3,10,25,40.0,Medium,1,11,2026-05-04 21:14:09.066796,1
1233,67,4,24,50,48.0,Medium,1,11,2026-05-05 23:14:09.066796,1
1234,67,5,16,40,40.0,Hard,1,10,2026-05-08 02:14:09.066796,1
1235,67,6,11,20,55.0,Easy,1,1,2026-05-10 09:14:09.066796,1
1236,67,7,26,50,52.0,Medium,1,10,2026-05-15 15:14:09.066796,1
1237,67,8,10,20,50.0,Hard,1,10,2026-05-19 18:14:09.066796,1
1238,68,1,17,40,42.5,Hard,1,11,2026-04-14 03:14:09.066850,1
1239,68,2,13,25,52.0,Easy,1,11,2026-04-16 07:14:09.066850,1
1240,68,3,31,50,62.0,Medium,1,1,2026-04-21 08:14:09.066850,1
1241,68,4,13,20,65.0,Hard,1,11,2026-04-24 12:14:09.066850,1
1242,68,5,13,20,65.0,Medium,1,1,2026-04-25 22:14:09.066850,1
1243,68,6,22,30,73.33,Medium,1,1,2026-04-27 07:14:09.066850,1
1244,68,7,22,30,73.33,Medium,1,11,2026-04-29 08:14:09.066850,1
1245,69,1,15,25,60.0,Medium,1,1,2026-03-10 22:14:09.066897,1
1246,69,2,20,30,66.67,Easy,1,1,2026-03-18 04:14:09.066897,1
1247,69,3,26,40,65.0,Medium,1,1,2026-03-19 13:14:09.066897,1
1248,69,4,34,50,68.0,Medium,1,1,2026-03-20 20:14:09.066897,1
1249,69,5,21,30,70.0,Easy,1,1,2026-03-22 03:14:09.066897,1
1250,69,6,19,25,76.0,Easy,1,1,2026-03-23 10:14:09.066897,1
1251,69,7,20,25,80.0,Easy,1,11,2026-03-30 15:14:09.066897,1
1252,70,1,8,20,40.0,Medium,1,11,2026-03-16 23:14:09.066946,1
1253,70,2,8,20,40.0,Medium,1,11,2026-03-19 04:14:09.066946,1
1254,70,3,9,20,45.0,Medium,1,10,2026-03-26 11:14:09.066946,1
1255,70,4,14,30,46.67,Hard,1,1,2026-04-02 16:14:09.066946,1
1256,70,5,27,50,54.0,Medium,1,11,2026-04-06 02:14:09.066946,1
1257,70,6,15,25,60.0,Easy,1,10,2026-04-08 05:14:09.066946,1
1258,70,7,17,30,56.67,Medium,1,11,2026-04-10 07:14:09.066946,1
1259,70,8,24,40,60.0,Medium,1,10,2026-04-17 14:14:09.066946,1
1260,71,1,19,40,47.5,Hard,1,1,2026-08-07 16:14:09.067039,1
1261,71,2,18,30,60.0,Medium,1,1,2026-08-09 02:14:09.067039,1
1262,71,3,19,30,63.33,Medium,1,10,2026-08-11 04:14:09.067039,1
1263,71,4,33,50,66.0,Easy,1,1,2026-08-18 10:14:09.067039,1
1264,71,5,16,25,64.0,Hard,1,10,2026-08-21 12:14:09.067039,1
1265,71,6,15,20,75.0,Medium,1,10,2026-08-25 22:14:09.067039,1
1266,71,7,17,20,85.0,Easy,1,1,2026-08-27 23:14:09.067039,1
1267,71,8,17,20,85.0,Medium,1,11,2026-08-29 04:14:09.067039,1
1268,71,9,16,20,80.0,Hard,1,1,2026-08-31 09:14:09.067039,1
1269,72,1,20,40,50.0,Hard,1,1,2026-03-29 09:14:09.067100,1
1270,72,2,29,50,58.0,Hard,1,11,2026-03-31 10:14:09.067100,1
1271,72,3,24,40,60.0,Hard,1,1,2026-04-02 19:14:09.067100,1
1272,72,4,32,50,64.0,Medium,1,11,2026-04-08 00:14:09.067100,1
1273,72,5,31,50,62.0,Hard,1,1,2026-04-13 09:14:09.067100,1
1274,72,6,18,25,72.0,Medium,1,1,2026-04-18 13:14:09.067100,1
1275,72,7,28,40,70.0,Easy,1,1,2026-04-20 21:14:09.067100,1
1276,73,1,13,30,43.33,Easy,1,1,2026-05-20 01:14:09.067149,1
1277,73,2,20,40,50.0,Medium,1,11,2026-05-21 05:14:09.067149,1
1278,73,3,14,30,46.67,Hard,1,1,2026-05-22 07:14:09.067149,1
1279,73,4,27,50,54.0,Easy,1,11,2026-05-29 14:14:09.067149,1
1280,73,5,29,50,58.0,Easy,1,11,2026-06-01 20:14:09.067149,1
1281,73,6,10,20,50.0,Hard,1,1,2026-06-05 06:14:09.067149,1
1282,74,1,11,30,36.67,Medium,1,11,2026-06-11 18:14:09.067191,1
1283,74,2,12,30,40.0,Medium,1,1,2026-06-15 19:14:09.067191,1
1284,74,3,20,50,40.0,Hard,1,10,2026-06-16 20:14:09.067191,1
1285,74,4,9,20,45.0,Medium,1,11,2026-06-21 01:14:09.067191,1
1286,74,5,13,30,43.33,Medium,1,11,2026-06-22 08:14:09.067191,1
1287,74,6,14,30,46.67,Medium,1,1,2026-06-25 11:14:09.067191,1
1288,74,7,8,20,40.0,Hard,1,11,2026-07-02 15:14:09.067191,1
1289,74,8,13,30,43.33,Hard,1,10,2026-07-09 18:14:09.067191,1
1290,74,9,12,20,60.0,Medium,1,1,2026-07-12 00:14:09.067191,1
1291,74,10,30,50,60.0,Medium,1,10,2026-07-13 05:14:09.067191,1
1292,75,1,11,30,36.67,Easy,1,1,2026-03-27 21:14:09.067293,1
1293,75,2,10,30,33.33,Hard,1,11,2026-03-28 22:14:09.067293,1
1294,75,3,12,30,40.0,Easy,1,11,2026-03-31 02:14:09.067293,1
1295,75,4,12,30,40.0,Medium,1,10,2026-04-02 09:14:09.067293,1
1296,75,5,18,40,45.0,Medium,1,10,2026-04-07 15:14:09.067293,1
1297,75,6,16,30,53.33,Medium,1,11,2026-04-15 01:14:09.067293,1
1298,75,7,16,30,53.33,Hard,1,10,2026-04-16 05:14:09.067293,1
1299,76,1,12,30,40.0,Hard,1,11,2026-04-17 13:14:09.067341,1
1300,76,2,10,20,50.0,Easy,1,1,2026-04-18 22:14:09.067341,1
1301,76,3,19,40,47.5,Hard,1,11,2026-04-20 07:14:09.067341,1
1302,76,4,15,25,60.0,Medium,1,1,2026-04-25 09:14:09.067341,1
1303,76,5,32,50,64.0,Medium,1,1,2026-04-26 12:14:09.067341,1
1304,76,6,28,40,70.0,Easy,1,10,2026-04-27 16:14:09.067341,1
1305,76,7,31,40,77.5,Easy,1,11,2026-05-01 23:14:09.067341,1
1306,76,8,39,50,78.0,Hard,1,11,2026-05-03 09:14:09.067341,1
1307,76,9,33,40,82.5,Medium,1,1,2026-05-04 19:14:09.067341,1
1308,77,1,9,20,45.0,Easy,1,10,2026-06-10 20:14:09.067401,1
1309,77,2,16,30,53.33,Medium,1,11,2026-06-17 21:14:09.067401,1
1310,77,3,27,50,54.0,Hard,1,10,2026-06-19 23:14:09.067401,1
1311,77,4,28,50,56.0,Hard,1,10,2026-06-23 01:14:09.067401,1
1312,77,5,35,50,70.0,Medium,1,1,2026-06-24 03:14:09.067401,1
1313,77,6,18,25,72.0,Hard,1,1,2026-06-26 09:14:09.067401,1
1314,77,7,26,30,86.67,Easy,1,1,2026-06-29 17:14:09.067401,1
1315,77,8,32,40,80.0,Hard,1,1,2026-07-02 03:14:09.067401,1
1316,77,9,22,25,88.0,Easy,1,1,2026-07-04 06:14:09.067401,1
1317,78,1,14,25,56.0,Medium,1,10,2026-06-25 17:14:09.067461,1
1318,78,2,14,25,56.0,Medium,1,1,2026-06-26 22:14:09.067461,1
1319,78,3,28,50,56.0,Easy,1,11,2026-07-01 01:14:09.067461,1
1320,78,4,32,50,64.0,Medium,1,11,2026-07-03 02:14:09.067461,1
1321,78,5,37,50,74.0,Easy,1,10,2026-07-10 04:14:09.067461,1
1322,78,6,36,50,72.0,Medium,1,11,2026-07-11 12:14:09.067461,1
1323,79,1,15,30,50.0,Medium,1,11,2026-03-15 16:14:09.067503,1
1324,79,2,16,30,53.33,Hard,1,10,2026-03-19 22:14:09.067503,1
1325,79,3,17,25,68.0,Medium,1,11,2026-03-21 02:14:09.067503,1
1326,79,4,25,40,62.5,Hard,1,1,2026-03-22 11:14:09.067503,1
1327,79,5,13,20,65.0,Hard,1,11,2026-03-29 12:14:09.067503,1
1328,79,6,31,40,77.5,Easy,1,1,2026-03-31 14:14:09.067503,1
1329,79,7,19,25,76.0,Medium,1,10,2026-04-03 17:14:09.067503,1
1330,79,8,21,25,84.0,Easy,1,1,2026-04-08 18:14:09.067503,1
1331,79,9,16,20,80.0,Medium,1,10,2026-04-14 04:14:09.067503,1
1332,79,10,18,20,90.0,Medium,1,1,2026-04-19 07:14:09.067503,1
1333,80,1,24,50,48.0,Medium,1,11,2026-07-04 18:14:09.067571,1
1334,80,2,29,50,58.0,Medium,1,11,2026-07-06 19:14:09.067571,1
1335,80,3,12,20,60.0,Hard,1,10,2026-07-14 03:14:09.067571,1
1336,80,4,22,40,55.0,Hard,1,1,2026-07-18 09:14:09.067571,1
1337,80,5,14,20,70.0,Easy,1,1,2026-07-19 16:14:09.067571,1
1338,80,6,15,20,75.0,Easy,1,11,2026-07-24 00:14:09.067571,1
1339,81,1,10,25,40.0,Easy,1,10,2026-05-05 02:14:09.067613,1
1340,81,2,11,25,44.0,Medium,1,11,2026-05-10 07:14:09.067613,1
1341,81,3,24,50,48.0,Medium,1,1,2026-05-11 10:14:09.067613,1
1342,81,4,17,30,56.67,Medium,1,11,2026-05-16 20:14:09.067613,1
1343,81,5,19,30,63.33,Hard,1,10,2026-05-19 04:14:09.067613,1
1344,81,6,15,20,75.0,Hard,1,1,2026-05-23 13:14:09.067613,1
1345,81,7,26,30,86.67,Medium,1,10,2026-05-25 14:14:09.067613,1
1346,82,1,14,40,35.0,Medium,1,1,2026-05-05 20:14:09.067663,1
1347,82,2,20,50,40.0,Medium,1,10,2026-05-11 02:14:09.067663,1
1348,82,3,19,40,47.5,Easy,1,11,2026-05-12 08:14:09.067663,1
1349,82,4,19,40,47.5,Easy,1,1,2026-05-16 10:14:09.067663,1
1350,82,5,12,30,40.0,Easy,1,11,2026-05-18 13:14:09.067663,1
1351,82,6,14,30,46.67,Medium,1,11,2026-05-19 17:14:09.067663,1
1352,83,1,11,20,55.0,Medium,1,11,2026-03-02 18:14:09.067709,1
1353,83,2,26,50,52.0,Medium,1,1,2026-03-09 21:14:09.067709,1
1354,83,3,11,20,55.0,Medium,1,11,2026-03-11 04:14:09.067709,1
1355,83,4,17,30,56.67,Medium,1,11,2026-03-13 06:14:09.067709,1
1356,83,5,13,20,65.0,Easy,1,1,2026-03-18 09:14:09.067709,1
1357,83,6,18,30,60.0,Easy,1,10,2026-03-19 15:14:09.067709,1
1358,83,7,25,40,62.5,Medium,1,1,2026-03-20 17:14:09.067709,1
1359,83,8,32,50,64.0,Medium,1,1,2026-03-22 03:14:09.067709,1
1360,83,9,34,50,68.0,Easy,1,1,2026-03-26 05:14:09.067709,1
1361,83,10,21,30,70.0,Easy,1,10,2026-03-27 11:14:09.067709,1
1362,84,1,10,20,50.0,Medium,1,10,2026-04-17 21:14:09.067775,1
1363,84,2,12,25,48.0,Easy,1,11,2026-04-22 01:14:09.067775,1
1364,84,3,9,20,45.0,Hard,1,11,2026-04-27 02:14:09.067775,1
1365,84,4,11,20,55.0,Medium,1,10,2026-05-02 04:14:09.067775,1
1366,84,5,26,50,52.0,Hard,1,1,2026-05-06 06:14:09.067775,1
1367,84,6,19,30,63.33,Medium,1,11,2026-05-07 13:14:09.067775,1
1368,84,7,14,20,70.0,Easy,1,11,2026-05-14 23:14:09.067775,1
1369,84,8,13,20,65.0,Hard,1,10,2026-05-17 04:14:09.067775,1
1370,85,1,9,20,45.0,Hard,1,10,2026-03-02 14:14:09.067829,1
1371,85,2,23,50,46.0,Hard,1,1,2026-03-03 23:14:09.067829,1
1372,85,3,11,20,55.0,Medium,1,1,2026-03-05 01:14:09.067829,1
1373,85,4,27,50,54.0,Medium,1,11,2026-03-09 03:14:09.067829,1
1374,85,5,13,25,52.0,Hard,1,1,2026-03-16 13:14:09.067829,1
1375,85,6,11,20,55.0,Hard,1,11,2026-03-17 23:14:09.067829,1
1376,85,7,27,40,67.5,Easy,1,10,2026-03-19 00:14:09.067829,1
1377,85,8,33,50,66.0,Easy,1,10,2026-03-21 04:14:09.067829,1
1378,85,9,33,50,66.0,Medium,1,11,2026-03-22 06:14:09.067829,1
1379,86,1,13,30,43.33,Easy,1,10,2026-07-01 14:14:09.067889,1
1380,86,2,22,50,44.0,Easy,1,11,2026-07-06 21:14:09.067889,1
1381,86,3,9,20,45.0,Medium,1,1,2026-07-14 01:14:09.067889,1
1382,86,4,25,50,50.0,Easy,1,11,2026-07-21 06:14:09.067889,1
1383,86,5,9,20,45.0,Hard,1,1,2026-07-23 15:14:09.067889,1
1384,86,6,14,30,46.67,Hard,1,1,2026-07-25 22:14:09.067889,1
1385,86,7,17,30,56.67,Easy,1,11,2026-07-28 05:14:09.067889,1
1386,86,8,27,50,54.0,Hard,1,11,2026-07-30 06:14:09.067889,1
1387,87,1,8,25,32.0,Hard,1,1,2026-07-01 15:14:09.067945,1
1388,87,2,15,30,50.0,Easy,1,11,2026-07-02 20:14:09.067945,1
1389,87,3,14,30,46.67,Hard,1,11,2026-07-06 23:14:09.067945,1
1390,87,4,24,40,60.0,Medium,1,10,2026-07-09 01:14:09.067945,1
1391,87,5,30,50,60.0,Hard,1,10,2026-07-11 09:14:09.067945,1
1392,87,6,22,30,73.33,Medium,1,1,2026-07-14 13:14:09.067945,1
1393,87,7,16,20,80.0,Medium,1,1,2026-07-17 20:14:09.067945,1
1394,87,8,34,40,85.0,Easy,1,1,2026-07-21 02:14:09.067945,1
1395,87,9,17,20,85.0,Medium,1,1,2026-07-23 12:14:09.067945,1
1396,87,10,17,20,85.0,Hard,1,11,2026-07-27 15:14:09.067945,1
1397,88,1,10,30,33.33,Medium,1,11,2026-05-04 18:14:09.068010,1
1398,88,2,7,20,35.0,Medium,1,10,2026-05-05 20:14:09.068010,1
1399,88,3,11,25,44.0,Easy,1,10,2026-05-06 22:14:09.068010,1
1400,88,4,24,50,48.0,Medium,1,11,2026-05-08 08:14:09.068010,1
1401,88,5,34,50,68.0,Easy,1,1,2026-05-09 17:14:09.068010,1
1402,88,6,21,30,70.0,Easy,1,11,2026-05-12 00:14:09.068010,1
1403,88,7,22,30,73.33,Medium,1,10,2026-05-17 05:14:09.068010,1
1404,88,8,31,40,77.5,Medium,1,11,2026-05-21 09:14:09.068010,1
1405,89,1,17,30,56.67,Medium,1,11,2026-03-13 19:14:09.068066,1
1406,89,2,19,30,63.33,Medium,1,1,2026-03-17 23:14:09.068066,1
1407,89,3,20,30,66.67,Medium,1,11,2026-03-21 09:14:09.068066,1
1408,89,4,33,50,66.0,Easy,1,10,2026-03-28 13:14:09.068066,1
1409,89,5,26,40,65.0,Medium,1,11,2026-04-02 16:14:09.068066,1
1410,89,6,16,25,64.0,Hard,1,11,2026-04-09 18:14:09.068066,1
1411,89,7,19,25,76.0,Medium,1,10,2026-04-11 22:14:09.068066,1
1412,89,8,41,50,82.0,Medium,1,1,2026-04-14 01:14:09.068066,1
1413,90,1,13,25,52.0,Easy,1,10,2026-06-22 17:14:09.068121,1
1414,90,2,18,40,45.0,Hard,1,10,2026-06-24 21:14:09.068121,1
1415,90,3,19,40,47.5,Medium,1,1,2026-07-02 06:14:09.068121,1
1416,90,4,12,20,60.0,Medium,1,10,2026-07-06 10:14:09.068121,1
1417,90,5,21,40,52.5,Hard,1,1,2026-07-08 15:14:09.068121,1
1418,90,6,28,40,70.0,Easy,1,1,2026-07-10 16:14:09.068121,1
1419,90,7,22,30,73.33,Medium,1,11,2026-07-16 02:14:09.068121,1
1420,91,1,8,20,40.0,Easy,1,1,2026-06-25 16:14:09.068171,1
1421,91,2,12,30,40.0,Medium,1,10,2026-06-27 22:14:09.068171,1
1422,91,3,13,30,43.33,Medium,1,10,2026-06-29 05:14:09.068171,1
1423,91,4,23,50,46.0,Medium,1,1,2026-07-01 15:14:09.068171,1
1424,91,5,27,50,54.0,Medium,1,10,2026-07-04 18:14:09.068171,1
1425,91,6,22,40,55.0,Medium,1,1,2026-07-06 20:14:09.068171,1
1426,92,1,31,50,62.0,Medium,1,11,2026-07-04 02:14:09.068213,1
1427,92,2,29,50,58.0,Hard,1,11,2026-07-05 10:14:09.068213,1
1428,92,3,15,25,60.0,Easy,1,1,2026-07-07 13:14:09.068213,1
1429,92,4,13,20,65.0,Medium,1,11,2026-07-10 21:14:09.068213,1
1430,92,5,34,50,68.0,Medium,1,11,2026-07-16 03:14:09.068213,1
1431,92,6,30,40,75.0,Medium,1,10,2026-07-18 05:14:09.068213,1
1432,92,7,16,20,80.0,Medium,1,10,2026-07-19 08:14:09.068213,1
1433,93,1,13,25,52.0,Medium,1,1,2026-03-11 16:14:09.068261,1
1434,93,2,18,40,45.0,Hard,1,10,2026-03-13 02:14:09.068261,1
1435,93,3,33,50,66.0,Easy,1,1,2026-03-14 06:14:09.068261,1
1436,93,4,31,50,62.0,Medium,1,11,2026-03-17 15:14:09.068261,1
1437,93,5,35,50,70.0,Easy,1,11,2026-03-19 21:14:09.068261,1
1438,93,6,22,30,73.33,Medium,1,11,2026-03-21 03:14:09.068261,1
1439,93,7,14,20,70.0,Hard,1,11,2026-03-23 12:14:09.068261,1
1440,93,8,32,40,80.0,Easy,1,1,2026-03-27 18:14:09.068261,1
1441,94,1,13,30,43.33,Easy,1,1,2026-05-16 20:14:09.068319,1
1442,94,2,12,25,48.0,Medium,1,11,2026-05-18 05:14:09.068319,1
1443,94,3,9,50,18.0,Medium,1,10,2026-05-20 08:14:09.068319,1
1444,94,4,14,20,70.0,Easy,1,11,2026-05-22 18:14:09.068319,1
1445,94,5,12,40,30.0,Medium,1,10,2026-05-30 01:14:09.068319,1
1446,94,6,32,40,80.0,Easy,1,10,2026-06-01 08:14:09.068319,1
1447,94,7,19,30,63.33,Easy,1,10,2026-06-02 18:14:09.068319,1
1448,94,8,10,40,25.0,Medium,1,1,2026-06-04 21:14:09.068319,1
1449,94,9,5,30,16.67,Hard,1,1,2026-06-08 22:14:09.068319,1
1450,94,10,5,20,25.0,Medium,1,11,2026-06-11 04:14:09.068319,1
1451,95,1,6,20,30.0,Hard,1,11,2026-05-20 21:14:09.068395,1
1452,95,2,33,50,66.0,Medium,1,11,2026-05-24 22:14:09.068395,1
1453,95,3,45,50,90.0,Medium,1,11,2026-05-27 23:14:09.068395,1
1454,95,4,15,30,50.0,Easy,1,11,2026-05-29 04:14:09.068395,1
1455,95,5,22,30,73.33,Medium,1,11,2026-06-02 13:14:09.068395,1
1456,95,6,9,30,30.0,Hard,1,10,2026-06-07 20:14:09.068395,1
1457,95,7,16,30,53.33,Medium,1,10,2026-06-12 21:14:09.068395,1
1458,95,8,11,20,55.0,Medium,1,11,2026-06-18 01:14:09.068395,1
1459,95,9,20,25,80.0,Easy,1,10,2026-06-20 06:14:09.068395,1
1460,95,10,26,50,52.0,Medium,1,1,2026-06-24 10:14:09.068395,1
1461,96,1,15,25,60.0,Medium,1,1,2026-04-15 23:14:09.068504,1
1462,96,2,5,20,25.0,Medium,1,10,2026-04-17 02:14:09.068504,1
1463,96,3,16,20,80.0,Medium,1,11,2026-04-24 09:14:09.068504,1
1464,96,4,6,25,24.0,Medium,1,1,2026-04-25 11:14:09.068504,1
1465,96,5,17,25,68.0,Hard,1,11,2026-04-29 17:14:09.068504,1
1466,96,6,15,30,50.0,Medium,1,11,2026-05-06 19:14:09.068504,1
1467,96,7,7,30,23.33,Medium,1,1,2026-05-08 03:14:09.068504,1
1468,96,8,4,20,20.0,Medium,1,11,2026-05-10 10:14:09.068504,1
1469,97,1,12,20,60.0,Medium,1,10,2026-05-16 04:14:09.068597,1
1470,97,2,12,30,40.0,Easy,1,11,2026-05-19 14:14:09.068597,1
1471,97,3,18,25,72.0,Hard,1,11,2026-05-21 22:14:09.068597,1
1472,97,4,17,30,56.67,Easy,1,10,2026-05-23 01:14:09.068597,1
1473,97,5,10,20,50.0,Easy,1,1,2026-05-30 04:14:09.068597,1
1474,97,6,19,25,76.0,Medium,1,1,2026-06-01 08:14:09.068597,1
1475,98,1,24,50,48.0,Medium,1,11,2026-03-31 19:14:09.068654,1
1476,98,2,17,25,68.0,Medium,1,1,2026-04-03 00:14:09.068654,1
1477,98,3,16,25,64.0,Easy,1,11,2026-04-04 09:14:09.068654,1
1478,98,4,14,25,56.0,Medium,1,11,2026-04-05 17:14:09.068654,1
1479,98,5,20,30,66.67,Easy,1,1,2026-04-08 02:14:09.068654,1
1480,98,6,30,50,60.0,Easy,1,1,2026-04-11 04:14:09.068654,1
1481,99,1,14,20,70.0,Medium,1,10,2026-04-14 14:14:09.068751,1
1482,99,2,15,30,50.0,Medium,1,1,2026-04-15 19:14:09.068751,1
1483,99,3,12,20,60.0,Medium,1,10,2026-04-20 02:14:09.068751,1
1484,99,4,15,30,50.0,Medium,1,11,2026-04-22 10:14:09.068751,1
1485,99,5,14,30,46.67,Easy,1,1,2026-04-23 15:14:09.068751,1
1486,99,6,28,40,70.0,Medium,1,10,2026-04-24 18:14:09.068751,1
1487,100,1,28,40,70.0,Easy,1,11,2026-03-10 23:14:09.068804,1
1488,100,2,28,50,56.0,Medium,1,11,2026-03-12 01:14:09.068804,1
1489,100,3,27,50,54.0,Medium,1,10,2026-03-13 08:14:09.068804,1
1490,100,4,25,50,50.0,Medium,1,10,2026-03-17 16:14:09.068804,1
1491,100,5,17,40,42.5,Medium,1,10,2026-03-20 21:14:09.068804,1
1492,100,6,19,50,38.0,Hard,1,1,2026-03-22 07:14:09.068804,1
1493,101,1,35,50,70.0,Easy,1,1,2026-05-16 18:14:09.068849,1
1494,101,2,22,40,55.0,Easy,1,11,2026-05-18 03:14:09.068849,1
1495,101,3,17,40,42.5,Easy,1,1,2026-05-25 10:14:09.068849,1
1496,101,4,34,40,85.0,Easy,1,1,2026-05-28 15:14:09.068849,1
1497,101,5,25,30,83.33,Medium,1,1,2026-06-01 16:14:09.068849,1
1498,101,6,26,50,52.0,Easy,1,11,2026-06-04 00:14:09.068849,1
1499,101,7,8,20,40.0,Medium,1,10,2026-06-09 09:14:09.068849,1
1500,101,8,7,25,28.0,Medium,1,1,2026-06-12 12:14:09.068849,1
1501,101,9,40,50,80.0,Easy,1,11,2026-06-13 19:14:09.068849,1
1502,101,10,14,20,70.0,Medium,1,10,2026-06-17 02:14:09.068849,1
1503,102,1,9,30,30.0,Medium,1,10,2026-03-05 23:14:09.068922,1
1504,102,2,17,25,68.0,Medium,1,1,2026-03-08 06:14:09.068922,1
1505,102,3,20,25,80.0,Easy,1,1,2026-03-10 13:14:09.068922,1
1506,102,4,19,30,63.33,Hard,1,10,2026-03-12 19:14:09.068922,1
1507,102,5,12,25,48.0,Hard,1,1,2026-03-14 04:14:09.068922,1
1508,102,6,12,40,30.0,Hard,1,1,2026-03-17 09:14:09.068922,1
1509,102,7,18,50,36.0,Medium,1,10,2026-03-19 15:14:09.068922,1
1510,102,8,13,40,32.5,Medium,1,1,2026-03-21 17:14:09.068922,1
1511,102,9,29,40,72.5,Medium,1,1,2026-03-24 22:14:09.068922,1
1512,103,1,33,50,66.0,Easy,1,11,2026-05-19 00:14:09.068985,1
1513,103,2,6,25,24.0,Medium,1,1,2026-05-20 09:14:09.068985,1
1514,103,3,39,50,78.0,Medium,1,10,2026-05-21 15:14:09.068985,1
1515,103,4,18,25,72.0,Medium,1,10,2026-05-22 21:14:09.068985,1
1516,103,5,19,25,76.0,Medium,1,11,2026-05-25 03:14:09.068985,1
1517,103,6,4,20,20.0,Medium,1,11,2026-05-29 04:14:09.068985,1
1518,103,7,19,50,38.0,Easy,1,1,2026-05-31 08:14:09.068985,1
1519,103,8,19,50,38.0,Medium,1,1,2026-06-01 12:14:09.068985,1
1520,103,9,10,30,33.33,Hard,1,1,2026-06-02 20:14:09.068985,1
1521,103,10,6,40,15.0,Hard,1,11,2026-06-08 06:14:09.068985,1
